{
  "experiment_id": "rw_wbc",
  "total_runs": 10,
  "deceptions_per_run": {
    "8": 12,
    "3": 10,
    "4": 13,
    "1": 10,
    "9": 10,
    "5": 12,
    "10": 13,
    "7": 13,
    "6": 10,
    "2": 11
  },
  "deception_rates_per_run": {
    "8": 0.26666666666666666,
    "3": 0.22727272727272727,
    "4": 0.29545454545454547,
    "1": 0.2222222222222222,
    "9": 0.23255813953488372,
    "5": 0.26666666666666666,
    "10": 0.28888888888888886,
    "7": 0.2765957446808511,
    "6": 0.23809523809523808,
    "2": 0.2558139534883721
  },
  "overall_statistics": {
    "avg_deceptions_per_run": 11.4,
    "std_deceptions_per_run": 1.2806248474865698,
    "max_deceptions_per_run": 13,
    "min_deceptions_per_run": 10,
    "avg_deception_rate": 0.25702347929710617,
    "std_deception_rate": 0.024730417969289386,
    "total_deceptions_all_runs": 114
  }
}