{
  "experiment_id": "r_wo",
  "total_runs": 10,
  "deceptions_per_run": {
    "8": 19,
    "3": 7,
    "4": 10,
    "1": 18,
    "9": 6,
    "5": 4,
    "10": 3,
    "7": 10,
    "6": 4,
    "2": 11
  },
  "deception_rates_per_run": {
    "8": 0.3064516129032258,
    "3": 0.10606060606060606,
    "4": 0.15873015873015872,
    "1": 0.3050847457627119,
    "9": 0.08823529411764706,
    "5": 0.06153846153846154,
    "10": 0.04411764705882353,
    "7": 0.1724137931034483,
    "6": 0.05970149253731343,
    "2": 0.1774193548387097
  },
  "overall_statistics": {
    "avg_deceptions_per_run": 9.2,
    "std_deceptions_per_run": 5.344155686354955,
    "max_deceptions_per_run": 19,
    "min_deceptions_per_run": 3,
    "avg_deception_rate": 0.1479753166651106,
    "std_deception_rate": 0.0909690568647245,
    "total_deceptions_all_runs": 92
  }
}