{
  "experiment_id": "r_wo",
  "total_runs": 10,
  "deceptions_per_run": {
    "8": 12,
    "3": 16,
    "4": 15,
    "1": 10,
    "9": 9,
    "5": 12,
    "10": 16,
    "7": 10,
    "6": 17,
    "2": 15
  },
  "deception_rates_per_run": {
    "8": 0.2553191489361702,
    "3": 0.32653061224489793,
    "4": 0.3125,
    "1": 0.21739130434782608,
    "9": 0.225,
    "5": 0.2608695652173913,
    "10": 0.35555555555555557,
    "7": 0.21739130434782608,
    "6": 0.3541666666666667,
    "2": 0.3333333333333333
  },
  "overall_statistics": {
    "avg_deceptions_per_run": 13.2,
    "std_deceptions_per_run": 2.7856776554368237,
    "max_deceptions_per_run": 17,
    "min_deceptions_per_run": 9,
    "avg_deception_rate": 0.2858057490649667,
    "std_deception_rate": 0.05364501561633535,
    "total_deceptions_all_runs": 132
  }
}