round_number,n_listings,n_hq,n_lq,n_dishonest_ad,n_sales,n_dishonest_sale,prop_dishonest_ad,prop_dishonest_sale
0,2,2,0,0,0.0,0.0,0.0,
3,2,1,1,1,0.0,0.0,0.5,
6,3,2,1,1,0.0,0.0,0.3333333333333333,
9,3,2,1,1,0.0,0.0,0.3333333333333333,
12,3,2,1,1,0.0,0.0,0.3333333333333333,
15,3,2,1,1,0.0,0.0,0.3333333333333333,
18,3,2,1,1,0.0,0.0,0.3333333333333333,
