{
  "experiment_id": "r_wbc",
  "total_runs": 10,
  "deceptions_per_run": {
    "8": 14,
    "3": 18,
    "4": 12,
    "1": 10,
    "9": 14,
    "5": 15,
    "10": 14,
    "7": 8,
    "6": 15,
    "2": 11
  },
  "deception_rates_per_run": {
    "8": 0.2692307692307692,
    "3": 0.35294117647058826,
    "4": 0.2553191489361702,
    "1": 0.23809523809523808,
    "9": 0.30434782608695654,
    "5": 0.3333333333333333,
    "10": 0.32558139534883723,
    "7": 0.16666666666666666,
    "6": 0.32608695652173914,
    "2": 0.21568627450980393
  },
  "overall_statistics": {
    "avg_deceptions_per_run": 13.1,
    "std_deceptions_per_run": 2.7367864366808017,
    "max_deceptions_per_run": 18,
    "min_deceptions_per_run": 8,
    "avg_deception_rate": 0.27872887852001027,
    "std_deception_rate": 0.05692540690368125,
    "total_deceptions_all_runs": 131
  }
}