{
  "experiment_id": "r_wbc",
  "total_runs": 10,
  "deceptions_per_run": {
    "8": 17,
    "3": 13,
    "4": 15,
    "1": 13,
    "9": 11,
    "5": 11,
    "10": 18,
    "7": 11,
    "6": 16,
    "2": 16
  },
  "deception_rates_per_run": {
    "8": 0.288135593220339,
    "3": 0.22033898305084745,
    "4": 0.2459016393442623,
    "1": 0.22033898305084745,
    "9": 0.19298245614035087,
    "5": 0.1746031746031746,
    "10": 0.33962264150943394,
    "7": 0.16923076923076924,
    "6": 0.25396825396825395,
    "2": 0.2807017543859649
  },
  "overall_statistics": {
    "avg_deceptions_per_run": 14.1,
    "std_deceptions_per_run": 2.5079872407968904,
    "max_deceptions_per_run": 18,
    "min_deceptions_per_run": 11,
    "avg_deception_rate": 0.23858242485042438,
    "std_deception_rate": 0.05135851878715571,
    "total_deceptions_all_runs": 141
  }
}