{
  "experiment_id": "rw_wo",
  "total_runs": 10,
  "deceptions_per_run": {
    "8": 5,
    "3": 1,
    "4": 0,
    "1": 5,
    "9": 2,
    "5": 0,
    "10": 2,
    "7": 2,
    "6": 1,
    "2": 4
  },
  "deception_rates_per_run": {
    "8": 0.07246376811594203,
    "3": 0.014705882352941176,
    "4": 0.0,
    "1": 0.07575757575757576,
    "9": 0.029411764705882353,
    "5": 0.0,
    "10": 0.029411764705882353,
    "7": 0.029411764705882353,
    "6": 0.014285714285714285,
    "2": 0.058823529411764705
  },
  "overall_statistics": {
    "avg_deceptions_per_run": 2.2,
    "std_deceptions_per_run": 1.7776388834631178,
    "max_deceptions_per_run": 5,
    "min_deceptions_per_run": 0,
    "avg_deception_rate": 0.0324271764041585,
    "std_deception_rate": 0.02636417684850529,
    "total_deceptions_all_runs": 22
  }
}